{
  "lang":"en",
  "name":"pipeline",
  "version":"0.0.0",
  "spacy_version":">=3.4.1,<3.5.0",
  "description":"",
  "author":"",
  "email":"",
  "url":"",
  "license":"",
  "spacy_git_version":"5c2a00cef",
  "vectors":{
    "width":0,
    "vectors":0,
    "keys":0,
    "name":null,
    "mode":"default"
  },
  "labels":{
    "tok2vec":[

    ],
    "ner":[
      "AFFECTED",
      "IMPACT",
      "LOCATION",
      "MODIFIER",
      "SEVERITY"
    ]
  },
  "pipeline":[
    "tok2vec",
    "ner"
  ],
  "components":[
    "tok2vec",
    "ner"
  ],
  "disabled":[

  ],
  "performance":{
    "ents_f":0.6955475331,
    "ents_p":0.7243107769,
    "ents_r":0.6689814815,
    "ents_per_type":{
      "LOCATION":{
        "p":0.8095238095,
        "r":0.8292682927,
        "f":0.8192771084
      },
      "IMPACT":{
        "p":0.75,
        "r":0.6428571429,
        "f":0.6923076923
      },
      "MODIFIER":{
        "p":0.487804878,
        "r":0.3846153846,
        "f":0.4301075269
      },
      "SEVERITY":{
        "p":0.6153846154,
        "r":0.6274509804,
        "f":0.6213592233
      },
      "AFFECTED":{
        "p":0.5416666667,
        "r":0.325,
        "f":0.40625
      }
    },
    "tok2vec_loss":509.9916657105,
    "ner_loss":2413.7192344237
  }
}