{
  "lang":"en",
  "name":"pipeline",
  "version":"0.0.0",
  "spacy_version":">=3.4.1,<3.5.0",
  "description":"",
  "author":"",
  "email":"",
  "url":"",
  "license":"",
  "spacy_git_version":"5c2a00cef",
  "vectors":{
    "width":0,
    "vectors":0,
    "keys":0,
    "name":null,
    "mode":"default"
  },
  "labels":{
    "tok2vec":[

    ],
    "ner":[
      "AFFECTED",
      "IMPACT",
      "LOCATION",
      "MODIFIER",
      "SEVERITY"
    ]
  },
  "pipeline":[
    "tok2vec",
    "ner"
  ],
  "components":[
    "tok2vec",
    "ner"
  ],
  "disabled":[

  ],
  "performance":{
    "ents_f":0.7847882455,
    "ents_p":0.7909407666,
    "ents_r":0.7787307033,
    "ents_per_type":{
      "LOCATION":{
        "p":0.7914893617,
        "r":0.8157894737,
        "f":0.8034557235
      },
      "SEVERITY":{
        "p":0.8064516129,
        "r":0.78125,
        "f":0.7936507937
      },
      "IMPACT":{
        "p":0.8699186992,
        "r":0.8230769231,
        "f":0.8458498024
      },
      "AFFECTED":{
        "p":0.8913043478,
        "r":0.6612903226,
        "f":0.7592592593
      },
      "MODIFIER":{
        "p":0.5844155844,
        "r":0.671641791,
        "f":0.625
      }
    },
    "tok2vec_loss":781.3136376157,
    "ner_loss":2153.3779942098
  }
}