{
  "lang":"en",
  "name":"pipeline",
  "version":"0.0.0",
  "spacy_version":">=3.4.1,<3.5.0",
  "description":"",
  "author":"",
  "email":"",
  "url":"",
  "license":"",
  "spacy_git_version":"5c2a00cef",
  "vectors":{
    "width":0,
    "vectors":0,
    "keys":0,
    "name":null,
    "mode":"default"
  },
  "labels":{
    "tok2vec":[

    ],
    "ner":[
      "AFFECTED",
      "IMPACT",
      "LOCATION",
      "MODIFIER",
      "SEVERITY"
    ]
  },
  "pipeline":[
    "tok2vec",
    "ner"
  ],
  "components":[
    "tok2vec",
    "ner"
  ],
  "disabled":[

  ],
  "performance":{
    "ents_f":0.6808059385,
    "ents_p":0.7278911565,
    "ents_r":0.6394422311,
    "ents_per_type":{
      "LOCATION":{
        "p":0.8318965517,
        "r":0.8075313808,
        "f":0.8195329087
      },
      "IMPACT":{
        "p":0.8333333333,
        "r":0.6179775281,
        "f":0.7096774194
      },
      "MODIFIER":{
        "p":0.4166666667,
        "r":0.3333333333,
        "f":0.3703703704
      },
      "AFFECTED":{
        "p":0.5,
        "r":0.3571428571,
        "f":0.4166666667
      },
      "SEVERITY":{
        "p":0.6226415094,
        "r":0.5789473684,
        "f":0.6
      }
    },
    "tok2vec_loss":858.6003467046,
    "ner_loss":1657.0553363163
  }
}