{
  "token_acc":1.0,
  "token_p":1.0,
  "token_r":1.0,
  "token_f":1.0,
  "ents_p":0.0852390852,
  "ents_r":0.6170568562,
  "ents_f":0.1497868886,
  "ents_per_type":{
    "SEVERITY":{
      "p":0.0775347913,
      "r":0.4333333333,
      "f":0.13153457
    },
    "IMPACT":{
      "p":0.0890973036,
      "r":0.6972477064,
      "f":0.158004158
    },
    "AFFECTED":{
      "p":0.111627907,
      "r":0.4897959184,
      "f":0.1818181818
    },
    "LOC MOD":{
      "p":0.0706713781,
      "r":0.4494382022,
      "f":0.1221374046
    },
    "PLACE":{
      "p":0.0866788321,
      "r":0.7279693487,
      "f":0.1549123522
    }
  },
  "speed":30492.0062738173
}