{
  "token_acc":1.0,
  "token_p":1.0,
  "token_r":1.0,
  "token_f":1.0,
  "ents_p":0.0328207482,
  "ents_r":0.13503305,
  "ents_f":0.0528064993,
  "ents_per_type":{
    "PLACE":{
      "p":0.0282079646,
      "r":0.1040816327,
      "f":0.044386423
    },
    "LOC MOD":{
      "p":0.0338409475,
      "r":0.1360544218,
      "f":0.054200542
    },
    "AFFECTED":{
      "p":0.0287206266,
      "r":0.1447368421,
      "f":0.0479302832
    },
    "IMPACT":{
      "p":0.0421892816,
      "r":0.1787439614,
      "f":0.0682656827
    },
    "SEVERITY":{
      "p":0.0343839542,
      "r":0.1726618705,
      "f":0.0573476703
    }
  },
  "speed":29238.8040482367
}