{
  "token_acc":1.0,
  "token_p":1.0,
  "token_r":1.0,
  "token_f":1.0,
  "ents_p":0.7304526749,
  "ents_r":0.6672932331,
  "ents_f":0.6974459725,
  "ents_per_type":{
    "LOCATION":{
      "p":0.7749077491,
      "r":0.7865168539,
      "f":0.780669145
    },
    "SEVERITY":{
      "p":0.6,
      "r":0.5084745763,
      "f":0.5504587156
    },
    "MODIFIER":{
      "p":0.5072463768,
      "r":0.4375,
      "f":0.4697986577
    },
    "AFFECTED":{
      "p":0.6551724138,
      "r":0.5,
      "f":0.5671641791
    },
    "IMPACT":{
      "p":0.9104477612,
      "r":0.6931818182,
      "f":0.7870967742
    }
  },
  "speed":28367.2909852016
}