{
  "token_acc":1.0,
  "token_p":1.0,
  "token_r":1.0,
  "token_f":1.0,
  "ents_p":0.1046153846,
  "ents_r":0.6754966887,
  "ents_f":0.1811722913,
  "ents_per_type":{
    "IMPACT":{
      "p":0.1046153846,
      "r":0.6754966887,
      "f":0.1811722913
    }
  },
  "speed":32162.1863607375
}