{
  "token_acc":1.0,
  "token_p":1.0,
  "token_r":1.0,
  "token_f":1.0,
  "ents_p":0.7246963563,
  "ents_r":0.6617375231,
  "ents_f":0.6917874396,
  "ents_per_type":{
    "LOCATION":{
      "p":0.8150943396,
      "r":0.7854545455,
      "f":0.8
    },
    "IMPACT":{
      "p":0.7073170732,
      "r":0.6373626374,
      "f":0.6705202312
    },
    "MODIFIER":{
      "p":0.5714285714,
      "r":0.48,
      "f":0.5217391304
    },
    "AFFECTED":{
      "p":0.4242424242,
      "r":0.3333333333,
      "f":0.3733333333
    },
    "SEVERITY":{
      "p":0.6666666667,
      "r":0.5862068966,
      "f":0.623853211
    }
  },
  "speed":29125.4499016455
}