{
  "token_acc":1.0,
  "token_p":1.0,
  "token_r":1.0,
  "token_f":1.0,
  "ents_p":0.8153310105,
  "ents_r":0.7774086379,
  "ents_f":0.7959183673,
  "ents_per_type":{
    "LOCATION":{
      "p":0.8034934498,
      "r":0.7931034483,
      "f":0.7982646421
    },
    "AFFECTED":{
      "p":0.82,
      "r":0.6721311475,
      "f":0.7387387387
    },
    "MODIFIER":{
      "p":0.652173913,
      "r":0.6338028169,
      "f":0.6428571429
    },
    "IMPACT":{
      "p":0.8770491803,
      "r":0.8230769231,
      "f":0.8492063492
    },
    "SEVERITY":{
      "p":0.875,
      "r":0.8425925926,
      "f":0.858490566
    }
  },
  "speed":22958.9043664047
}