{
  "token_acc":1.0,
  "token_p":1.0,
  "token_r":1.0,
  "token_f":1.0,
  "ents_p":0.7716186253,
  "ents_r":0.6541353383,
  "ents_f":0.7080366226,
  "ents_per_type":{
    "MODIFIER":{
      "p":0.7666666667,
      "r":0.2875,
      "f":0.4181818182
    },
    "LOCATION":{
      "p":0.7723880597,
      "r":0.7752808989,
      "f":0.7738317757
    },
    "SEVERITY":{
      "p":0.6206896552,
      "r":0.6101694915,
      "f":0.6153846154
    },
    "AFFECTED":{
      "p":0.7826086957,
      "r":0.4736842105,
      "f":0.5901639344
    },
    "IMPACT":{
      "p":0.8888888889,
      "r":0.7272727273,
      "f":0.8
    }
  },
  "speed":26012.7791694057
}