{
  "token_acc":1.0,
  "token_p":1.0,
  "token_r":1.0,
  "token_f":1.0,
  "ents_p":0.1587849499,
  "ents_r":0.4275092937,
  "ents_f":0.2315630506,
  "ents_per_type":{
    "IMPACT":{
      "p":0.1785195936,
      "r":0.5442477876,
      "f":0.268852459
    },
    "SEVERITY":{
      "p":0.1678657074,
      "r":0.3684210526,
      "f":0.2306425041
    },
    "LOCATION":{
      "p":0.1462962963,
      "r":0.5386363636,
      "f":0.2300970874
    },
    "AFFECTED":{
      "p":0.1775147929,
      "r":0.3125,
      "f":0.2264150943
    },
    "LOC MOD":{
      "p":0.0,
      "r":0.0,
      "f":0.0
    }
  },
  "speed":27502.3204924141
}