{
  "token_acc":1.0,
  "token_p":1.0,
  "token_r":1.0,
  "token_f":1.0,
  "ents_p":0.7192575406,
  "ents_r":0.6339468303,
  "ents_f":0.6739130435,
  "ents_per_type":{
    "LOCATION":{
      "p":0.7802690583,
      "r":0.7532467532,
      "f":0.7665198238
    },
    "IMPACT":{
      "p":0.8,
      "r":0.6,
      "f":0.6857142857
    },
    "MODIFIER":{
      "p":0.472972973,
      "r":0.4487179487,
      "f":0.4605263158
    },
    "SEVERITY":{
      "p":0.7169811321,
      "r":0.5507246377,
      "f":0.6229508197
    },
    "AFFECTED":{
      "p":0.7142857143,
      "r":0.4838709677,
      "f":0.5769230769
    }
  },
  "speed":26208.1243133614
}