{
  "token_acc":1.0,
  "token_p":1.0,
  "token_r":1.0,
  "token_f":1.0,
  "ents_p":0.1226619413,
  "ents_r":0.5888468809,
  "ents_f":0.2030307968,
  "ents_per_type":{
    "LOCATION":{
      "p":0.144605621,
      "r":0.721719457,
      "f":0.2409365559
    },
    "MODIFIER":{
      "p":0.0673076923,
      "r":0.3043478261,
      "f":0.1102362205
    },
    "IMPACT":{
      "p":0.1424501425,
      "r":0.6787330317,
      "f":0.2354788069
    },
    "SEVERITY":{
      "p":0.0967351874,
      "r":0.4819277108,
      "f":0.1611278953
    },
    "AFFECTED":{
      "p":0.0867208672,
      "r":0.3516483516,
      "f":0.1391304348
    }
  },
  "speed":28532.5176408065
}