{
  "lang":"en",
  "name":"pipeline",
  "version":"0.0.0",
  "spacy_version":">=3.4.1,<3.5.0",
  "description":"",
  "author":"",
  "email":"",
  "url":"",
  "license":"",
  "spacy_git_version":"5c2a00cef",
  "vectors":{
    "width":0,
    "vectors":0,
    "keys":0,
    "name":null,
    "mode":"default"
  },
  "labels":{
    "tok2vec":[

    ],
    "ner":[
      "AFFECTED",
      "IMPACT",
      "LOCATION",
      "MODIFIER",
      "SEVERITY"
    ]
  },
  "pipeline":[
    "tok2vec",
    "ner"
  ],
  "components":[
    "tok2vec",
    "ner"
  ],
  "disabled":[

  ],
  "performance":{
    "ents_f":0.6763990268,
    "ents_p":0.7128205128,
    "ents_r":0.6435185185,
    "ents_per_type":{
      "LOCATION":{
        "p":0.7630331754,
        "r":0.7853658537,
        "f":0.7740384615
      },
      "IMPACT":{
        "p":0.7611940299,
        "r":0.6071428571,
        "f":0.6754966887
      },
      "MODIFIER":{
        "p":0.5,
        "r":0.3653846154,
        "f":0.4222222222
      },
      "SEVERITY":{
        "p":0.6739130435,
        "r":0.6078431373,
        "f":0.6391752577
      },
      "AFFECTED":{
        "p":0.5714285714,
        "r":0.4,
        "f":0.4705882353
      }
    },
    "tok2vec_loss":859.8371788345,
    "ner_loss":1772.190739574
  }
}