{
  "lang":"en",
  "name":"pipeline",
  "version":"0.0.0",
  "spacy_version":">=3.4.1,<3.5.0",
  "description":"",
  "author":"",
  "email":"",
  "url":"",
  "license":"",
  "spacy_git_version":"5c2a00cef",
  "vectors":{
    "width":0,
    "vectors":0,
    "keys":0,
    "name":null,
    "mode":"default"
  },
  "labels":{
    "tok2vec":[

    ],
    "ner":[
      "AFFECTED",
      "IMPACT",
      "LOC MOD",
      "LOCATION",
      "SEVERITY"
    ]
  },
  "pipeline":[
    "tok2vec",
    "ner"
  ],
  "components":[
    "tok2vec",
    "ner"
  ],
  "disabled":[

  ],
  "performance":{
    "ents_f":0.0604274134,
    "ents_p":0.0376838235,
    "ents_r":0.1524163569,
    "ents_per_type":{
      "LOC MOD":{
        "p":0.0491525424,
        "r":0.2086330935,
        "f":0.0795610425
      },
      "LOCATION":{
        "p":0.0208222104,
        "r":0.0888382688,
        "f":0.0337370242
      },
      "SEVERITY":{
        "p":0.0519877676,
        "r":0.1878453039,
        "f":0.0814371257
      },
      "AFFECTED":{
        "p":0.0427807487,
        "r":0.1758241758,
        "f":0.0688172043
      },
      "IMPACT":{
        "p":0.0534262485,
        "r":0.203539823,
        "f":0.0846366145
      }
    },
    "tok2vec_loss":1264.8874788453,
    "ner_loss":3913.9749425118
  }
}