{
  "lang":"en",
  "name":"pipeline",
  "version":"0.0.0",
  "spacy_version":">=3.4.1,<3.5.0",
  "description":"",
  "author":"",
  "email":"",
  "url":"",
  "license":"",
  "spacy_git_version":"5c2a00cef",
  "vectors":{
    "width":0,
    "vectors":0,
    "keys":0,
    "name":null,
    "mode":"default"
  },
  "labels":{
    "tok2vec":[

    ],
    "ner":[
      "AFFECTED",
      "IMPACT",
      "LOCATION",
      "MODIFIER",
      "SEVERITY"
    ]
  },
  "pipeline":[
    "tok2vec",
    "ner"
  ],
  "components":[
    "tok2vec",
    "ner"
  ],
  "disabled":[

  ],
  "performance":{
    "ents_f":0.690663667,
    "ents_p":0.7172897196,
    "ents_r":0.6659436009,
    "ents_per_type":{
      "LOCATION":{
        "p":0.8138528139,
        "r":0.8068669528,
        "f":0.8103448276
      },
      "IMPACT":{
        "p":0.7,
        "r":0.6588235294,
        "f":0.6787878788
      },
      "MODIFIER":{
        "p":0.5,
        "r":0.4038461538,
        "f":0.4468085106
      },
      "AFFECTED":{
        "p":0.5161290323,
        "r":0.4,
        "f":0.4507042254
      },
      "SEVERITY":{
        "p":0.5909090909,
        "r":0.5098039216,
        "f":0.5473684211
      }
    },
    "tok2vec_loss":1117.4346344634,
    "ner_loss":2308.5635349149
  }
}