{
  "lang":"en",
  "name":"pipeline",
  "version":"0.0.0",
  "spacy_version":">=3.4.1,<3.5.0",
  "description":"",
  "author":"",
  "email":"",
  "url":"",
  "license":"",
  "spacy_git_version":"5c2a00cef",
  "vectors":{
    "width":0,
    "vectors":0,
    "keys":0,
    "name":null,
    "mode":"default"
  },
  "labels":{
    "tok2vec":[

    ],
    "ner":[
      "AFFECTED",
      "IMPACT",
      "LOC MOD",
      "PLACE",
      "SEVERITY"
    ]
  },
  "pipeline":[
    "tok2vec",
    "ner"
  ],
  "components":[
    "tok2vec",
    "ner"
  ],
  "disabled":[

  ],
  "performance":{
    "ents_f":0.0744037024,
    "ents_p":0.0458333333,
    "ents_r":0.1975425331,
    "ents_per_type":{
      "LOC MOD":{
        "p":0.0554744526,
        "r":0.2695035461,
        "f":0.0920096852
      },
      "PLACE":{
        "p":0.0338718082,
        "r":0.1409978308,
        "f":0.0546218487
      },
      "AFFECTED":{
        "p":0.0460704607,
        "r":0.1827956989,
        "f":0.0735930736
      },
      "IMPACT":{
        "p":0.0685840708,
        "r":0.287037037,
        "f":0.1107142857
      },
      "SEVERITY":{
        "p":0.0395314788,
        "r":0.1836734694,
        "f":0.065060241
      }
    },
    "tok2vec_loss":987.1689522369,
    "ner_loss":3397.2871336964
  }
}