{
  "lang":"en",
  "name":"pipeline",
  "version":"0.0.0",
  "spacy_version":">=3.4.1,<3.5.0",
  "description":"",
  "author":"",
  "email":"",
  "url":"",
  "license":"",
  "spacy_git_version":"5c2a00cef",
  "vectors":{
    "width":0,
    "vectors":0,
    "keys":0,
    "name":null,
    "mode":"default"
  },
  "labels":{
    "tok2vec":[

    ],
    "ner":[
      "AFFECTED",
      "IMPACT",
      "LOC MOD",
      "PLACE",
      "SEVERITY"
    ]
  },
  "pipeline":[
    "tok2vec",
    "ner"
  ],
  "components":[
    "tok2vec",
    "ner"
  ],
  "disabled":[

  ],
  "performance":{
    "ents_f":0.0471368072,
    "ents_p":0.0264845851,
    "ents_r":0.2140468227,
    "ents_per_type":{
      "SEVERITY":{
        "p":0.0379918589,
        "r":0.3111111111,
        "f":0.0677146312
      },
      "IMPACT":{
        "p":0.0269106566,
        "r":0.2293577982,
        "f":0.0481695568
      },
      "AFFECTED":{
        "p":0.0271604938,
        "r":0.2244897959,
        "f":0.0484581498
      },
      "LOC MOD":{
        "p":0.0325443787,
        "r":0.2471910112,
        "f":0.0575163399
      },
      "PLACE":{
        "p":0.0201342282,
        "r":0.1609195402,
        "f":0.0357903707
      }
    },
    "tok2vec_loss":1083.7264323844,
    "ner_loss":3201.9983750425
  }
}