{
  "lang":"en",
  "name":"pipeline",
  "version":"0.0.0",
  "spacy_version":">=3.4.1,<3.5.0",
  "description":"",
  "author":"",
  "email":"",
  "url":"",
  "license":"",
  "spacy_git_version":"5c2a00cef",
  "vectors":{
    "width":0,
    "vectors":0,
    "keys":0,
    "name":null,
    "mode":"default"
  },
  "labels":{
    "tok2vec":[

    ],
    "ner":[
      "AFFECTED",
      "IMPACT",
      "LOCATION",
      "MODIFIER",
      "SEVERITY"
    ]
  },
  "pipeline":[
    "tok2vec",
    "ner"
  ],
  "components":[
    "tok2vec",
    "ner"
  ],
  "disabled":[

  ],
  "performance":{
    "ents_f":0.049268383,
    "ents_p":0.0306381018,
    "ents_r":0.1257088847,
    "ents_per_type":{
      "LOCATION":{
        "p":0.016146394,
        "r":0.0678733032,
        "f":0.0260869565
      },
      "MODIFIER":{
        "p":0.0442176871,
        "r":0.1884057971,
        "f":0.0716253444
      },
      "IMPACT":{
        "p":0.0438292964,
        "r":0.1719457014,
        "f":0.0698529412
      },
      "SEVERITY":{
        "p":0.0404191617,
        "r":0.1626506024,
        "f":0.0647482014
      },
      "AFFECTED":{
        "p":0.0333333333,
        "r":0.1318681319,
        "f":0.0532150776
      }
    },
    "tok2vec_loss":1234.6730492865,
    "ner_loss":3463.0085816924
  }
}