{
  "lang":"en",
  "name":"pipeline",
  "version":"0.0.0",
  "spacy_version":">=3.4.1,<3.5.0",
  "description":"",
  "author":"",
  "email":"",
  "url":"",
  "license":"",
  "spacy_git_version":"5c2a00cef",
  "vectors":{
    "width":0,
    "vectors":0,
    "keys":0,
    "name":null,
    "mode":"default"
  },
  "labels":{
    "tok2vec":[

    ],
    "ner":[
      "AFFECTED",
      "IMPACT",
      "LOC MOD",
      "PLACE",
      "SEVERITY"
    ]
  },
  "pipeline":[
    "tok2vec",
    "ner"
  ],
  "components":[
    "tok2vec",
    "ner"
  ],
  "disabled":[

  ],
  "performance":{
    "ents_f":0.1497868886,
    "ents_p":0.0852390852,
    "ents_r":0.6170568562,
    "ents_per_type":{
      "SEVERITY":{
        "p":0.0775347913,
        "r":0.4333333333,
        "f":0.13153457
      },
      "IMPACT":{
        "p":0.0890973036,
        "r":0.6972477064,
        "f":0.158004158
      },
      "AFFECTED":{
        "p":0.111627907,
        "r":0.4897959184,
        "f":0.1818181818
      },
      "LOC MOD":{
        "p":0.0706713781,
        "r":0.4494382022,
        "f":0.1221374046
      },
      "PLACE":{
        "p":0.0866788321,
        "r":0.7279693487,
        "f":0.1549123522
      }
    },
    "tok2vec_loss":162.6135275494,
    "ner_loss":3883.4862776459
  }
}