{
  "lang":"en",
  "name":"pipeline",
  "version":"0.0.0",
  "spacy_version":">=3.4.1,<3.5.0",
  "description":"",
  "author":"",
  "email":"",
  "url":"",
  "license":"",
  "spacy_git_version":"5c2a00cef",
  "vectors":{
    "width":0,
    "vectors":0,
    "keys":0,
    "name":null,
    "mode":"default"
  },
  "labels":{
    "tok2vec":[

    ],
    "ner":[
      "AFFECTED",
      "IMPACT",
      "LOCATION",
      "MODIFIER",
      "SEVERITY"
    ]
  },
  "pipeline":[
    "tok2vec",
    "ner"
  ],
  "components":[
    "tok2vec",
    "ner"
  ],
  "disabled":[

  ],
  "performance":{
    "ents_f":0.650862069,
    "ents_p":0.6910755149,
    "ents_r":0.6150712831,
    "ents_per_type":{
      "LOCATION":{
        "p":0.7937219731,
        "r":0.75,
        "f":0.7712418301
      },
      "IMPACT":{
        "p":0.7368421053,
        "r":0.6588235294,
        "f":0.6956521739
      },
      "MODIFIER":{
        "p":0.4426229508,
        "r":0.36,
        "f":0.3970588235
      },
      "AFFECTED":{
        "p":0.4827586207,
        "r":0.3333333333,
        "f":0.3943661972
      },
      "SEVERITY":{
        "p":0.5833333333,
        "r":0.5283018868,
        "f":0.5544554455
      }
    },
    "tok2vec_loss":354.081354741,
    "ner_loss":2732.6564911052
  }
}