{
  "lang":"en",
  "name":"pipeline",
  "version":"0.0.0",
  "spacy_version":">=3.4.1,<3.5.0",
  "description":"",
  "author":"",
  "email":"",
  "url":"",
  "license":"",
  "spacy_git_version":"5c2a00cef",
  "vectors":{
    "width":0,
    "vectors":0,
    "keys":0,
    "name":null,
    "mode":"default"
  },
  "labels":{
    "tok2vec":[

    ],
    "ner":[
      "AFFECTED",
      "IMPACT",
      "LOCATION",
      "MODIFIER",
      "SEVERITY"
    ]
  },
  "pipeline":[
    "tok2vec",
    "ner"
  ],
  "components":[
    "tok2vec",
    "ner"
  ],
  "disabled":[

  ],
  "performance":{
    "ents_f":0.2030307968,
    "ents_p":0.1226619413,
    "ents_r":0.5888468809,
    "ents_per_type":{
      "LOCATION":{
        "p":0.144605621,
        "r":0.721719457,
        "f":0.2409365559
      },
      "MODIFIER":{
        "p":0.0673076923,
        "r":0.3043478261,
        "f":0.1102362205
      },
      "IMPACT":{
        "p":0.1424501425,
        "r":0.6787330317,
        "f":0.2354788069
      },
      "SEVERITY":{
        "p":0.0967351874,
        "r":0.4819277108,
        "f":0.1611278953
      },
      "AFFECTED":{
        "p":0.0867208672,
        "r":0.3516483516,
        "f":0.1391304348
      }
    },
    "tok2vec_loss":359.8438662263,
    "ner_loss":3310.7216326992
  }
}