{
  "lang":"en",
  "name":"pipeline",
  "version":"0.0.0",
  "spacy_version":">=3.4.1,<3.5.0",
  "description":"",
  "author":"",
  "email":"",
  "url":"",
  "license":"",
  "spacy_git_version":"5c2a00cef",
  "vectors":{
    "width":0,
    "vectors":0,
    "keys":0,
    "name":null,
    "mode":"default"
  },
  "labels":{
    "tok2vec":[

    ],
    "ner":[
      "AFFECTED",
      "IMPACT",
      "LOC MOD",
      "PLACE",
      "SEVERITY"
    ]
  },
  "pipeline":[
    "tok2vec",
    "ner"
  ],
  "components":[
    "tok2vec",
    "ner"
  ],
  "disabled":[

  ],
  "performance":{
    "ents_f":0.2358295408,
    "ents_p":0.1509933775,
    "ents_r":0.5382436261,
    "ents_per_type":{
      "PLACE":{
        "p":0.16369606,
        "r":0.712244898,
        "f":0.2662090008
      },
      "IMPACT":{
        "p":0.1431767338,
        "r":0.6183574879,
        "f":0.2325158946
      },
      "LOC MOD":{
        "p":0.106741573,
        "r":0.1292517007,
        "f":0.1169230769
      },
      "AFFECTED":{
        "p":0.1470588235,
        "r":0.2631578947,
        "f":0.1886792453
      },
      "SEVERITY":{
        "p":0.124137931,
        "r":0.3884892086,
        "f":0.1881533101
      }
    },
    "tok2vec_loss":107.1229802407,
    "ner_loss":3713.1702261609
  }
}