{
  "lang":"en",
  "name":"pipeline",
  "version":"0.0.0",
  "spacy_version":">=3.4.1,<3.5.0",
  "description":"",
  "author":"",
  "email":"",
  "url":"",
  "license":"",
  "spacy_git_version":"5c2a00cef",
  "vectors":{
    "width":0,
    "vectors":0,
    "keys":0,
    "name":null,
    "mode":"default"
  },
  "labels":{
    "tok2vec":[

    ],
    "ner":[
      "AFFECTED",
      "IMPACT",
      "LOC MOD",
      "PLACE",
      "SEVERITY"
    ]
  },
  "pipeline":[
    "tok2vec",
    "ner"
  ],
  "components":[
    "tok2vec",
    "ner"
  ],
  "disabled":[

  ],
  "performance":{
    "ents_f":0.2141505865,
    "ents_p":0.1338694418,
    "ents_r":0.5349716446,
    "ents_per_type":{
      "SEVERITY":{
        "p":0.0993006993,
        "r":0.4829931973,
        "f":0.1647331787
      },
      "PLACE":{
        "p":0.1440831075,
        "r":0.6919739696,
        "f":0.2385046729
      },
      "IMPACT":{
        "p":0.1471962617,
        "r":0.5833333333,
        "f":0.2350746269
      },
      "AFFECTED":{
        "p":0.1358024691,
        "r":0.3548387097,
        "f":0.1964285714
      },
      "LOC MOD":{
        "p":0.085,
        "r":0.1205673759,
        "f":0.0997067449
      }
    },
    "tok2vec_loss":137.3806755952,
    "ner_loss":3814.1150394372
  }
}