{
  "lang":"en",
  "name":"pipeline",
  "version":"0.0.0",
  "spacy_version":">=3.4.1,<3.5.0",
  "description":"",
  "author":"",
  "email":"",
  "url":"",
  "license":"",
  "spacy_git_version":"5c2a00cef",
  "vectors":{
    "width":0,
    "vectors":0,
    "keys":0,
    "name":null,
    "mode":"default"
  },
  "labels":{
    "tok2vec":[

    ],
    "ner":[
      "AFFECTED",
      "IMPACT",
      "LOCATION",
      "MODIFIER",
      "SEVERITY"
    ]
  },
  "pipeline":[
    "tok2vec",
    "ner"
  ],
  "components":[
    "tok2vec",
    "ner"
  ],
  "disabled":[

  ],
  "performance":{
    "ents_f":0.7103448276,
    "ents_p":0.7555012225,
    "ents_r":0.6702819957,
    "ents_per_type":{
      "LOCATION":{
        "p":0.7756653992,
        "r":0.8755364807,
        "f":0.8225806452
      },
      "IMPACT":{
        "p":0.8412698413,
        "r":0.6235294118,
        "f":0.7162162162
      },
      "MODIFIER":{
        "p":0.4827586207,
        "r":0.2692307692,
        "f":0.3456790123
      },
      "SEVERITY":{
        "p":0.7647058824,
        "r":0.5098039216,
        "f":0.6117647059
      },
      "AFFECTED":{
        "p":0.6,
        "r":0.3,
        "f":0.4
      }
    },
    "tok2vec_loss":265.0853309862,
    "ner_loss":2885.7290145867
  }
}