{
  "lang":"en",
  "name":"pipeline",
  "version":"0.0.0",
  "spacy_version":">=3.4.1,<3.5.0",
  "description":"",
  "author":"",
  "email":"",
  "url":"",
  "license":"",
  "spacy_git_version":"5c2a00cef",
  "vectors":{
    "width":0,
    "vectors":0,
    "keys":0,
    "name":null,
    "mode":"default"
  },
  "labels":{
    "tok2vec":[

    ],
    "ner":[
      "AFFECTED",
      "IMPACT",
      "LOC MOD",
      "LOCATION",
      "SEVERITY"
    ]
  },
  "pipeline":[
    "tok2vec",
    "ner"
  ],
  "components":[
    "tok2vec",
    "ner"
  ],
  "disabled":[

  ],
  "performance":{
    "ents_f":0.2264474135,
    "ents_p":0.1388072239,
    "ents_r":0.6143122677,
    "ents_per_type":{
      "LOC MOD":{
        "p":0.1302325581,
        "r":0.4028776978,
        "f":0.1968365554
      },
      "LOCATION":{
        "p":0.1370514483,
        "r":0.722095672,
        "f":0.230377907
      },
      "SEVERITY":{
        "p":0.1246246246,
        "r":0.4585635359,
        "f":0.1959858323
      },
      "AFFECTED":{
        "p":0.1131105398,
        "r":0.4835164835,
        "f":0.1833333333
      },
      "IMPACT":{
        "p":0.1670124481,
        "r":0.7123893805,
        "f":0.2705882353
      }
    },
    "tok2vec_loss":218.2847001176,
    "ner_loss":3348.0943384816
  }
}