{
  "lang":"en",
  "name":"pipeline",
  "version":"0.0.0",
  "spacy_version":">=3.4.1,<3.5.0",
  "description":"",
  "author":"",
  "email":"",
  "url":"",
  "license":"",
  "spacy_git_version":"5c2a00cef",
  "vectors":{
    "width":0,
    "vectors":0,
    "keys":0,
    "name":null,
    "mode":"default"
  },
  "labels":{
    "tok2vec":[

    ],
    "ner":[
      "AFFECTED",
      "IMPACT",
      "LOCATION",
      "MODIFIER",
      "SEVERITY"
    ]
  },
  "pipeline":[
    "tok2vec",
    "ner"
  ],
  "components":[
    "tok2vec",
    "ner"
  ],
  "disabled":[

  ],
  "performance":{
    "ents_f":0.774308653,
    "ents_p":0.7681415929,
    "ents_r":0.7805755396,
    "ents_per_type":{
      "LOCATION":{
        "p":0.7834101382,
        "r":0.7623318386,
        "f":0.7727272727
      },
      "SEVERITY":{
        "p":0.8118811881,
        "r":0.7884615385,
        "f":0.8
      },
      "MODIFIER":{
        "p":0.6329113924,
        "r":0.7575757576,
        "f":0.6896551724
      },
      "IMPACT":{
        "p":0.824,
        "r":0.8306451613,
        "f":0.8273092369
      },
      "AFFECTED":{
        "p":0.6744186047,
        "r":0.7435897436,
        "f":0.7073170732
      }
    },
    "tok2vec_loss":525.5066422906,
    "ner_loss":757.6810418575
  }
}