{
  "lang":"en",
  "name":"pipeline",
  "version":"0.0.0",
  "spacy_version":">=3.4.1,<3.5.0",
  "description":"",
  "author":"",
  "email":"",
  "url":"",
  "license":"",
  "spacy_git_version":"5c2a00cef",
  "vectors":{
    "width":0,
    "vectors":0,
    "keys":0,
    "name":null,
    "mode":"default"
  },
  "labels":{
    "tok2vec":[

    ],
    "ner":[
      "AFFECTED",
      "IMPACT",
      "LOCATION",
      "MODIFIER",
      "SEVERITY"
    ]
  },
  "pipeline":[
    "tok2vec",
    "ner"
  ],
  "components":[
    "tok2vec",
    "ner"
  ],
  "disabled":[

  ],
  "performance":{
    "ents_f":0.7959183673,
    "ents_p":0.8153310105,
    "ents_r":0.7774086379,
    "ents_per_type":{
      "LOCATION":{
        "p":0.8034934498,
        "r":0.7931034483,
        "f":0.7982646421
      },
      "AFFECTED":{
        "p":0.82,
        "r":0.6721311475,
        "f":0.7387387387
      },
      "MODIFIER":{
        "p":0.652173913,
        "r":0.6338028169,
        "f":0.6428571429
      },
      "IMPACT":{
        "p":0.8770491803,
        "r":0.8230769231,
        "f":0.8492063492
      },
      "SEVERITY":{
        "p":0.875,
        "r":0.8425925926,
        "f":0.858490566
      }
    },
    "tok2vec_loss":1018.3273316159,
    "ner_loss":2039.6834182335
  }
}