{
  "lang":"en",
  "name":"pipeline",
  "version":"0.0.0",
  "spacy_version":">=3.4.1,<3.5.0",
  "description":"",
  "author":"",
  "email":"",
  "url":"",
  "license":"",
  "spacy_git_version":"5c2a00cef",
  "vectors":{
    "width":0,
    "vectors":0,
    "keys":0,
    "name":null,
    "mode":"default"
  },
  "labels":{
    "tok2vec":[

    ],
    "ner":[
      "AFFECTED",
      "IMPACT",
      "LOCATION",
      "MODIFIER",
      "SEVERITY"
    ]
  },
  "pipeline":[
    "tok2vec",
    "ner"
  ],
  "components":[
    "tok2vec",
    "ner"
  ],
  "disabled":[

  ],
  "performance":{
    "ents_f":0.6729957806,
    "ents_p":0.7283105023,
    "ents_r":0.6254901961,
    "ents_per_type":{
      "LOCATION":{
        "p":0.7574468085,
        "r":0.7206477733,
        "f":0.7385892116
      },
      "SEVERITY":{
        "p":0.7169811321,
        "r":0.6440677966,
        "f":0.6785714286
      },
      "MODIFIER":{
        "p":0.4821428571,
        "r":0.3375,
        "f":0.3970588235
      },
      "AFFECTED":{
        "p":0.7692307692,
        "r":0.5555555556,
        "f":0.6451612903
      },
      "IMPACT":{
        "p":0.8235294118,
        "r":0.6363636364,
        "f":0.7179487179
      }
    },
    "tok2vec_loss":937.918489692,
    "ner_loss":1818.1113467481
  }
}