{
  "lang":"en",
  "name":"pipeline",
  "version":"0.0.0",
  "spacy_version":">=3.4.1,<3.5.0",
  "description":"",
  "author":"",
  "email":"",
  "url":"",
  "license":"",
  "spacy_git_version":"5c2a00cef",
  "vectors":{
    "width":0,
    "vectors":0,
    "keys":0,
    "name":null,
    "mode":"default"
  },
  "labels":{
    "tok2vec":[

    ],
    "ner":[
      "AFFECTED",
      "IMPACT",
      "LOCATION",
      "MODIFIER",
      "SEVERITY"
    ]
  },
  "pipeline":[
    "tok2vec",
    "ner"
  ],
  "components":[
    "tok2vec",
    "ner"
  ],
  "disabled":[

  ],
  "performance":{
    "ents_f":0.6903023983,
    "ents_p":0.7371937639,
    "ents_r":0.6490196078,
    "ents_per_type":{
      "LOCATION":{
        "p":0.7704918033,
        "r":0.7611336032,
        "f":0.7657841141
      },
      "SEVERITY":{
        "p":0.7169811321,
        "r":0.6440677966,
        "f":0.6785714286
      },
      "AFFECTED":{
        "p":0.6896551724,
        "r":0.5555555556,
        "f":0.6153846154
      },
      "MODIFIER":{
        "p":0.4821428571,
        "r":0.3375,
        "f":0.3970588235
      },
      "IMPACT":{
        "p":0.8656716418,
        "r":0.6590909091,
        "f":0.7483870968
      }
    },
    "tok2vec_loss":664.9892128858,
    "ner_loss":2558.9647235439
  }
}