{
  "lang":"en",
  "name":"pipeline",
  "version":"0.0.0",
  "spacy_version":">=3.4.1,<3.5.0",
  "description":"",
  "author":"",
  "email":"",
  "url":"",
  "license":"",
  "spacy_git_version":"5c2a00cef",
  "vectors":{
    "width":0,
    "vectors":0,
    "keys":0,
    "name":null,
    "mode":"default"
  },
  "labels":{
    "tok2vec":[

    ],
    "ner":[
      "AFFECTED",
      "IMPACT",
      "LOCATION",
      "MODIFIER",
      "SEVERITY"
    ]
  },
  "pipeline":[
    "tok2vec",
    "ner"
  ],
  "components":[
    "tok2vec",
    "ner"
  ],
  "disabled":[

  ],
  "performance":{
    "ents_f":0.7350746269,
    "ents_p":0.7433962264,
    "ents_r":0.7269372694,
    "ents_per_type":{
      "IMPACT":{
        "p":0.7924528302,
        "r":0.7567567568,
        "f":0.7741935484
      },
      "SEVERITY":{
        "p":0.8607594937,
        "r":0.7555555556,
        "f":0.8047337278
      },
      "LOCATION":{
        "p":0.7341772152,
        "r":0.7565217391,
        "f":0.7451820128
      },
      "AFFECTED":{
        "p":0.8387096774,
        "r":0.7027027027,
        "f":0.7647058824
      },
      "MODIFIER":{
        "p":0.5454545455,
        "r":0.5675675676,
        "f":0.5562913907
      }
    },
    "tok2vec_loss":505.6486328532,
    "ner_loss":2583.4671059305
  }
}