{
  "lang":"en",
  "name":"pipeline",
  "version":"0.0.0",
  "spacy_version":">=3.4.1,<3.5.0",
  "description":"",
  "author":"",
  "email":"",
  "url":"",
  "license":"",
  "spacy_git_version":"5c2a00cef",
  "vectors":{
    "width":0,
    "vectors":0,
    "keys":0,
    "name":null,
    "mode":"default"
  },
  "labels":{
    "tok2vec":[

    ],
    "ner":[
      "AFFECTED",
      "IMPACT",
      "LOCATION",
      "MODIFIER",
      "SEVERITY"
    ]
  },
  "pipeline":[
    "tok2vec",
    "ner"
  ],
  "components":[
    "tok2vec",
    "ner"
  ],
  "disabled":[

  ],
  "performance":{
    "ents_f":0.6593406593,
    "ents_p":0.7125890736,
    "ents_r":0.6134969325,
    "ents_per_type":{
      "LOCATION":{
        "p":0.7668161435,
        "r":0.7402597403,
        "f":0.7533039648
      },
      "SEVERITY":{
        "p":0.7037037037,
        "r":0.5507246377,
        "f":0.6178861789
      },
      "AFFECTED":{
        "p":0.7272727273,
        "r":0.5161290323,
        "f":0.6037735849
      },
      "IMPACT":{
        "p":0.7796610169,
        "r":0.575,
        "f":0.6618705036
      },
      "MODIFIER":{
        "p":0.4603174603,
        "r":0.3717948718,
        "f":0.4113475177
      }
    },
    "tok2vec_loss":902.1646145714,
    "ner_loss":1991.4455681226
  }
}