{
  "lang":"en",
  "name":"pipeline",
  "version":"0.0.0",
  "spacy_version":">=3.4.1,<3.5.0",
  "description":"",
  "author":"",
  "email":"",
  "url":"",
  "license":"",
  "spacy_git_version":"5c2a00cef",
  "vectors":{
    "width":0,
    "vectors":0,
    "keys":0,
    "name":null,
    "mode":"default"
  },
  "labels":{
    "tok2vec":[

    ],
    "ner":[
      "AFFECTED",
      "IMPACT",
      "LOCATION",
      "MODIFIER",
      "SEVERITY"
    ]
  },
  "pipeline":[
    "tok2vec",
    "ner"
  ],
  "components":[
    "tok2vec",
    "ner"
  ],
  "disabled":[

  ],
  "performance":{
    "ents_f":0.7577319588,
    "ents_p":0.7590361446,
    "ents_r":0.756432247,
    "ents_per_type":{
      "LOCATION":{
        "p":0.7735042735,
        "r":0.7938596491,
        "f":0.7835497835
      },
      "IMPACT":{
        "p":0.7894736842,
        "r":0.8076923077,
        "f":0.7984790875
      },
      "SEVERITY":{
        "p":0.8068181818,
        "r":0.7395833333,
        "f":0.7717391304
      },
      "AFFECTED":{
        "p":0.7543859649,
        "r":0.6935483871,
        "f":0.7226890756
      },
      "MODIFIER":{
        "p":0.5942028986,
        "r":0.6119402985,
        "f":0.6029411765
      }
    },
    "tok2vec_loss":998.2473910798,
    "ner_loss":1306.2613504133
  }
}