{
  "lang":"en",
  "name":"pipeline",
  "version":"0.0.0",
  "spacy_version":">=3.4.1,<3.5.0",
  "description":"",
  "author":"",
  "email":"",
  "url":"",
  "license":"",
  "spacy_git_version":"5c2a00cef",
  "vectors":{
    "width":0,
    "vectors":0,
    "keys":0,
    "name":null,
    "mode":"default"
  },
  "labels":{
    "tok2vec":[

    ],
    "ner":[
      "AFFECTED",
      "IMPACT",
      "LOCATION",
      "MODIFIER",
      "SEVERITY"
    ]
  },
  "pipeline":[
    "tok2vec",
    "ner"
  ],
  "components":[
    "tok2vec",
    "ner"
  ],
  "disabled":[

  ],
  "performance":{
    "ents_f":0.7826825127,
    "ents_p":0.8003472222,
    "ents_r":0.7657807309,
    "ents_per_type":{
      "LOCATION":{
        "p":0.8136363636,
        "r":0.7715517241,
        "f":0.7920353982
      },
      "AFFECTED":{
        "p":0.7719298246,
        "r":0.7213114754,
        "f":0.7457627119
      },
      "IMPACT":{
        "p":0.8307692308,
        "r":0.8307692308,
        "f":0.8307692308
      },
      "SEVERITY":{
        "p":0.8396226415,
        "r":0.8240740741,
        "f":0.8317757009
      },
      "MODIFIER":{
        "p":0.6507936508,
        "r":0.5774647887,
        "f":0.6119402985
      }
    },
    "tok2vec_loss":778.679202006,
    "ner_loss":1156.1412396744
  }
}