{
  "lang":"en",
  "name":"pipeline",
  "version":"0.0.0",
  "spacy_version":">=3.4.1,<3.5.0",
  "description":"",
  "author":"",
  "email":"",
  "url":"",
  "license":"",
  "spacy_git_version":"5c2a00cef",
  "vectors":{
    "width":0,
    "vectors":0,
    "keys":0,
    "name":null,
    "mode":"default"
  },
  "labels":{
    "tok2vec":[

    ],
    "ner":[
      "AFFECTED",
      "IMPACT",
      "LOCATION",
      "MODIFIER",
      "SEVERITY"
    ]
  },
  "pipeline":[
    "tok2vec",
    "ner"
  ],
  "components":[
    "tok2vec",
    "ner"
  ],
  "disabled":[

  ],
  "performance":{
    "ents_f":0.7580993521,
    "ents_p":0.7834821429,
    "ents_r":0.7343096234,
    "ents_per_type":{
      "LOCATION":{
        "p":0.7831325301,
        "r":0.9069767442,
        "f":0.8405172414
      },
      "AFFECTED":{
        "p":0.8928571429,
        "r":0.5434782609,
        "f":0.6756756757
      },
      "SEVERITY":{
        "p":0.7586206897,
        "r":0.6769230769,
        "f":0.7154471545
      },
      "IMPACT":{
        "p":0.8395061728,
        "r":0.7816091954,
        "f":0.8095238095
      },
      "MODIFIER":{
        "p":0.59375,
        "r":0.2923076923,
        "f":0.3917525773
      }
    },
    "tok2vec_loss":394.8964072647,
    "ner_loss":2782.9032700065
  }
}