{
  "lang":"en",
  "name":"pipeline",
  "version":"0.0.0",
  "spacy_version":">=3.4.1,<3.5.0",
  "description":"",
  "author":"",
  "email":"",
  "url":"",
  "license":"",
  "spacy_git_version":"5c2a00cef",
  "vectors":{
    "width":0,
    "vectors":0,
    "keys":0,
    "name":null,
    "mode":"default"
  },
  "labels":{
    "tok2vec":[

    ],
    "ner":[
      "AFFECTED",
      "IMPACT",
      "LOCATION",
      "MODIFIER",
      "SEVERITY"
    ]
  },
  "pipeline":[
    "tok2vec",
    "ner"
  ],
  "components":[
    "tok2vec",
    "ner"
  ],
  "disabled":[

  ],
  "performance":{
    "ents_f":0.7506750675,
    "ents_p":0.7609489051,
    "ents_r":0.7406749556,
    "ents_per_type":{
      "LOCATION":{
        "p":0.7,
        "r":0.7092511013,
        "f":0.704595186
      },
      "MODIFIER":{
        "p":0.6842105263,
        "r":0.619047619,
        "f":0.65
      },
      "SEVERITY":{
        "p":0.797752809,
        "r":0.7395833333,
        "f":0.7675675676
      },
      "AFFECTED":{
        "p":0.8076923077,
        "r":0.7777777778,
        "f":0.7924528302
      },
      "IMPACT":{
        "p":0.8666666667,
        "r":0.8455284553,
        "f":0.8559670782
      }
    },
    "tok2vec_loss":787.4020117748,
    "ner_loss":1054.8180100982
  }
}