{
  "lang":"en",
  "name":"pipeline",
  "version":"0.0.0",
  "spacy_version":">=3.4.1,<3.5.0",
  "description":"",
  "author":"",
  "email":"",
  "url":"",
  "license":"",
  "spacy_git_version":"5c2a00cef",
  "vectors":{
    "width":0,
    "vectors":0,
    "keys":0,
    "name":null,
    "mode":"default"
  },
  "labels":{
    "tok2vec":[

    ],
    "ner":[
      "AFFECTED",
      "IMPACT",
      "LOCATION",
      "MODIFIER",
      "SEVERITY"
    ]
  },
  "pipeline":[
    "tok2vec",
    "ner"
  ],
  "components":[
    "tok2vec",
    "ner"
  ],
  "disabled":[

  ],
  "performance":{
    "ents_f":0.7926186292,
    "ents_p":0.7749140893,
    "ents_r":0.8111510791,
    "ents_per_type":{
      "LOCATION":{
        "p":0.8017621145,
        "r":0.8161434978,
        "f":0.8088888889
      },
      "SEVERITY":{
        "p":0.7837837838,
        "r":0.8365384615,
        "f":0.8093023256
      },
      "MODIFIER":{
        "p":0.6375,
        "r":0.7727272727,
        "f":0.698630137
      },
      "IMPACT":{
        "p":0.8292682927,
        "r":0.8225806452,
        "f":0.8259109312
      },
      "AFFECTED":{
        "p":0.7073170732,
        "r":0.7435897436,
        "f":0.725
      }
    },
    "tok2vec_loss":660.4670365694,
    "ner_loss":957.3526515072
  }
}