{
  "lang":"en",
  "name":"pipeline",
  "version":"0.0.0",
  "spacy_version":">=3.4.1,<3.5.0",
  "description":"",
  "author":"",
  "email":"",
  "url":"",
  "license":"",
  "spacy_git_version":"5c2a00cef",
  "vectors":{
    "width":0,
    "vectors":0,
    "keys":0,
    "name":null,
    "mode":"default"
  },
  "labels":{
    "tok2vec":[

    ],
    "ner":[
      "AFFECTED",
      "IMPACT",
      "LOCATION",
      "MODIFIER",
      "SEVERITY"
    ]
  },
  "pipeline":[
    "tok2vec",
    "ner"
  ],
  "components":[
    "tok2vec",
    "ner"
  ],
  "disabled":[

  ],
  "performance":{
    "ents_f":0.7011375388,
    "ents_p":0.7290322581,
    "ents_r":0.6752988048,
    "ents_per_type":{
      "LOCATION":{
        "p":0.7983870968,
        "r":0.8284518828,
        "f":0.8131416838
      },
      "IMPACT":{
        "p":0.8153846154,
        "r":0.595505618,
        "f":0.6883116883
      },
      "MODIFIER":{
        "p":0.5125,
        "r":0.5466666667,
        "f":0.5290322581
      },
      "AFFECTED":{
        "p":0.5,
        "r":0.2380952381,
        "f":0.3225806452
      },
      "SEVERITY":{
        "p":0.7115384615,
        "r":0.649122807,
        "f":0.6788990826
      }
    },
    "tok2vec_loss":561.7194967207,
    "ner_loss":2391.39105028
  }
}