{
  "lang":"en",
  "name":"pipeline",
  "version":"0.0.0",
  "spacy_version":">=3.4.1,<3.5.0",
  "description":"",
  "author":"",
  "email":"",
  "url":"",
  "license":"",
  "spacy_git_version":"5c2a00cef",
  "vectors":{
    "width":0,
    "vectors":0,
    "keys":0,
    "name":null,
    "mode":"default"
  },
  "labels":{
    "tok2vec":[

    ],
    "ner":[
      "AFFECTED",
      "IMPACT",
      "LOCATION",
      "MODIFIER",
      "SEVERITY"
    ]
  },
  "pipeline":[
    "tok2vec",
    "ner"
  ],
  "components":[
    "tok2vec",
    "ner"
  ],
  "disabled":[

  ],
  "performance":{
    "ents_f":0.7534121929,
    "ents_p":0.7723880597,
    "ents_r":0.7353463588,
    "ents_per_type":{
      "LOCATION":{
        "p":0.7416267943,
        "r":0.6828193833,
        "f":0.7110091743
      },
      "MODIFIER":{
        "p":0.6666666667,
        "r":0.6984126984,
        "f":0.6821705426
      },
      "SEVERITY":{
        "p":0.8045977011,
        "r":0.7291666667,
        "f":0.7650273224
      },
      "AFFECTED":{
        "p":0.8163265306,
        "r":0.7407407407,
        "f":0.7766990291
      },
      "IMPACT":{
        "p":0.84,
        "r":0.8536585366,
        "f":0.8467741935
      }
    },
    "tok2vec_loss":1072.6268499618,
    "ner_loss":1903.4053327696
  }
}