{
  "lang":"en",
  "name":"pipeline",
  "version":"0.0.0",
  "spacy_version":">=3.4.1,<3.5.0",
  "description":"",
  "author":"",
  "email":"",
  "url":"",
  "license":"",
  "spacy_git_version":"5c2a00cef",
  "vectors":{
    "width":0,
    "vectors":0,
    "keys":0,
    "name":null,
    "mode":"default"
  },
  "labels":{
    "tok2vec":[

    ],
    "ner":[
      "AFFECTED",
      "IMPACT",
      "LOCATION",
      "MODIFIER",
      "SEVERITY"
    ]
  },
  "pipeline":[
    "tok2vec",
    "ner"
  ],
  "components":[
    "tok2vec",
    "ner"
  ],
  "disabled":[

  ],
  "performance":{
    "ents_f":0.723364486,
    "ents_p":0.7329545455,
    "ents_r":0.7140221402,
    "ents_per_type":{
      "IMPACT":{
        "p":0.8148148148,
        "r":0.7927927928,
        "f":0.803652968
      },
      "SEVERITY":{
        "p":0.8235294118,
        "r":0.7777777778,
        "f":0.8
      },
      "LOCATION":{
        "p":0.7253218884,
        "r":0.7347826087,
        "f":0.7300215983
      },
      "AFFECTED":{
        "p":0.7428571429,
        "r":0.7027027027,
        "f":0.7222222222
      },
      "MODIFIER":{
        "p":0.5074626866,
        "r":0.4594594595,
        "f":0.4822695035
      }
    },
    "tok2vec_loss":1006.0837071151,
    "ner_loss":2053.0169819549
  }
}